<?xml version="1.0" encoding="UTF-8"?>
<ApexPage xmlns="http://soap.sforce.com/2006/04/metadata">
    <apiVersion>34.0</apiVersion>
    <availableInTouch>false</availableInTouch>
    <confirmationTokenRequired>false</confirmationTokenRequired>
    <label>streaming</label>
    <packageVersions>
        <majorNumber>4</majorNumber>
        <minorNumber>0</minorNumber>
        <namespace>Informatica</namespace>
    </packageVersions>
    <packageVersions>
        <majorNumber>1</majorNumber>
        <minorNumber>8</minorNumber>
        <namespace>ajax</namespace>
    </packageVersions>
    <packageVersions>
        <majorNumber>1</majorNumber>
        <minorNumber>6</minorNumber>
        <namespace>sf_com_apps</namespace>
    </packageVersions>
</ApexPage>
